"Need help? Hoover over the title in each column -  or read the ""README"" sheet",,,,,,,Total hours unpaid: 146.5,,,,
Paid (month),Invoice No.,Worker,Date (work),Assignment,Hours,Category,Comment,Status,Cost,Price,
N/A,2018-1,lakruzz,Tue 13. Mar,Phable - DI,2,Prolike,Proof of concept,OK,400,748,
N/A,2018-1,lakruzz,Fri 16. Mar,Phable - DI,3,Prolike,"Ugly workaround on the fonts, logo size, footers, ugly merge",OK,600,1122,
March 2018,2018-1,anetacamo,Mon 19. Mar,Phable - DI,3,Prolike,services into the liquid + first fixes,OK,600,1122,
March 2018,2018-1,anetacamo,Tue 20. Mar,Phable - DI,8,Prolike,services + solutions into liquid + blog for loop,OK,1600,2992,
March 2018,2018-1,anetacamo,Wed 21. Mar,Phable - DI,4,Prolike,creating another liquid includes + adding links in Customer Hub,OK,800,1496,
March 2018,2018-1,anetacamo,Thu 22. Mar,Phable - DI,11,Prolike,new blog post page + transfering pages into the liquid + fixing the linking + CSS styling,OK,2200,4114,
N/A,2018-1,lakruzz,Thu 22. Mar,Phable - DI,0.5,Prolike,Status on DI with JC and Aneta,OK,100,187,
March 2018,2018-1,anetacamo,Fri 23. Mar,Phable - DI,6,Prolike,new includes + fixing runway issues + testimony & solutions into liquid + favicon + counters,OK,1200,2244,
March 2018,2018-1,anetacamo,Sat 24. Mar,Phable - DI,4,Prolike,adding the code text in the blog + logo link fix + other links from previous include changes,OK,800,1496,
N/A,2018-1,lakruzz,Sat 24. Mar,Phable - DI,2,Prolike,Add release script,OK,400,748,
March 2018,2018-1,anetacamo,Sun 25. Mar,Phable - DI,4,Prolike,creating the code and ading tables into the blog content + some footer should not have social images,OK,800,1496,
March 2018,2018-1,anetacamo,Mon 26. Mar,Phable - DI,10,Prolike,new event page + event layout + fixing CSS issues + removing unused files,OK,2000,3740,
March 2018,2018-1,anetacamo,Tue 27. Mar,Phable - DI,5,Prolike,finishing event page layout + services into liquid + fixing CSS and HTML issues ,OK,1000,1870,
March 2018,2018-1,anetacamo,Wed 28. Mar,Phable - DI,3,Prolike,Management + speakers images + removing links from all the faces,OK,600,1122,
March 2018,2018-1,anetacamo,Thu 29. Mar,Phable - DI,2,Prolike,fixing the mobile issue with icons + aligning text to them + smaller nav icons on slider,OK,400,748,
March 2018,2018-1,anetacamo,Fri 30. Mar,Phable - DI,8,Prolike,Transfering files into folders. More pages into liquid + fixing links,OK,1600,2992,
March 2018,2018-1,anetacamo,Sat 31. Mar,Phable - DI,4,Prolike,Removing CSS from HTML layout + remove empty alts  ,OK,800,1496,
N/A,2018-1,lakruzz,Sat 31. Mar,Phable - DI,3,Prolike,Setup Circle CI,OK,600,1122,
April 2018,2018-3,anetacamo,Mon 2. Apr,Phable - DI,5,Prolike,Privacy Policy into liquid + more includes into folders,OK,1000,1870,
April 2018,2018-2,anetacamo,Tue 3. Apr,Phable - DI,1,Prolike,adding Careers,OK,200,374,
April 2018,2018-2,anetacamo,Wed 4. Apr,Phable - DI,2,Prolike,Tracker Script + Logo fix + collaborate fix,OK,400,748,
April 2018,2018-2,anetacamo,Thu 5. Apr,Phable - DI,2,Prolike,Chat Service + deactivate careers,OK,400,748,
N/A,2018-2,lakruzz,Thu 5. Apr,Phable - DI,1,Prolike,Retrospective,OK,200,374,
April 2018,2018-2,anetacamo,Fri 6. Apr,Phable - DI,6,Prolike,Careers reactivate + add text + fixing CSS issues,OK,1200,2244,
N/A,2018-2,lakruzz,Sat 7. Apr,Phable - DI,3,Prolike,Fixing PHP stuff,OK,600,1122,
N/A,2018-2,lakruzz,Sun 8. Apr,Phable - DI,3,Prolike,Setup the LAMP stack environment,OK,600,1122,
April 2018,2018-2,anetacamo,Mon 9. Apr,Phable - DI,5,Prolike,The Customer Hub page - new. + Chat overlay + tech challenges going through with Lars,OK,1000,1870,
N/A,2018-2,lakruzz,Mon 9. Apr,Phable - DI,1,Prolike,Sprint planning with Aneta and JC,OK,200,374,
April 2018,2018-2,anetacamo,Wed 11. Apr,Phable - DI,8,Prolike,Create Collections for the hub + Remove fb icon and more issues,OK,1600,2992,
N/A,2018-2,lakruzz,Wed 11. Apr,Phable - DI,0.5,Prolike,DI Tech Challenges with Aneta,OK,100,187,
April 2018,2018-2,anetacamo,Thu 12. Apr,Phable - DI,4.5,Prolike,Services PRO vs Managed + CSS issues,OK,900,1683,
N/A,2018-2,lakruzz,Thu 12. Apr,Phable - DI,1,Prolike,Planning milestone with Aneta and JC,OK,200,374,
N/A,2018-2,lakruzz,Thu 12. Apr,Phable - DI,2,Prolike,Working on optimizing the images in the slider on the front page,OK,400,748,
April 2018,2018-2,anetacamo,Fri 13. Apr,Phable - DI,5,Prolike,Creating datasheet section + fixing wording + new images,OK,1000,1870,
April 2018,2018-2,anetacamo,Mon 16. Apr,Phable - DI,8,Prolike,Race 2.0 - new event + News page build + diff phones ,OK,1600,2992,
April 2018,2018-2,anetacamo,Tue 17. Apr,Phable - DI,5.5,Prolike,News page activating + finishing race event + fixing links ,OK,1100,2057,
April 2018,2018-2,anetacamo,Wed 18. Apr,Phable - DI,0.5,Prolike,Rollback,OK,100,187,
April 2018,2018-2,anetacamo,Fri 20. Apr,Phable - DI,4.5,Prolike,text area + PHP mails fix + adding back collapsible + maarkdown fix,OK,900,1683,
April 2018,2018-2,anetacamo,Mon 23. Apr,Phable - DI,7.5,Prolike,Logo for SEO + Blogs into markdowns + working on the SEO tagging in the posts,OK,1500,2805,
April 2018,2018-2,anetacamo,Tue 24. Apr,Phable - DI,1,Prolike,finishing SEO tagging,OK,200,374,
April 2018,2018-2,anetacamo,Fri 27. Apr,Phable - DI,4,Explore,Trying to disable Javascripts + image optimisation,OK,270,0,
N/A,2018-2,lakruzz,Fri 27. Apr,Phable - DI,0.5,Prolike,Testing the upload access (SFTP) to DI stage servers,OK,100,187,
April 2018,2018-2,anetacamo,Mon 30. Apr,Phable - DI,8,Prolike,sprint planning + image resizing + new blog + removing the old blog ,OK,1600,2992,
N/A,2018-2,lakruzz,Mon 30. Apr,Phable - DI,1.2,Prolike,Sprint planning with Aneta and JC,OK,240,448.8,
N/A,2018-2,lakruzz,Mon 30. Apr,Phable - DI,2,Prolike,"Investigating the SFTP access to servers, designing new solution, presting it to DI in a mail",OK,400,748,
N/A,2018-3,lakruzz,Tue 1. May,Phable - DI,3,Prolike,Configuring Deploy on Circle CI /Github,OK,600,1122,
N/A,2018-3,lakruzz,Wed 2. May,Phable - DI,0.5,Prolike,Certificate on GitHub/GitHub pages,OK,100,187,
May 2018,2018-3,anetacamo,Wed 2. May,Phable - DI,6,Prolike,Customer Hub features + adding the time & recent post feature + sorting chronollogically + starting new page - PARTNERS,OK,1200,2244,
May 2018,2018-3,anetacamo,Thu 3. May,Phable - DI,0.5,Prolike,Fixed failing test (#209),OK,100,187,
May 2018,2018-3,anetacamo,Fri 4. May,Phable - DI,3.5,Prolike,(#210),OK,700,1309,
May 2018,PROLIKE,anetacamo,Fri 4. May,Prolike,3,Honeypot,Meeting Kris and Laura,OK,405,0,
May 2018,2018-3,anetacamo,Mon 7. May,Phable - DI,7.5,Prolike,"Finishing the layouts for the new partners page (#212), (#200), (#199), (#198), (#197)",OK,1500,2805,
May 2018,2018-3,anetacamo,Wed 9. May,Phable - DI,8.5,Prolike,"tracker code + tags + new blog (#213), (#218), (#217), (#214), (#204), (#208),",OK,1700,3179,
May 2018,2018-3,anetacamo,Thu 10. May,Phable - DI,7.5,Prolike,"finishing tags + events section into the markdown + other fixes (#219), (#211), (#223), (#225), (#222), (#216), (#215), (#213), (#221)",OK,1500,2805,
May 2018,2018-3,anetacamo,Fri 11. May,Phable - DI,1.5,Prolike,hangout about the website,OK,300,561,
May 2018,2018-3,anetacamo,Mon 14. May,Phable - DI,9,Prolike,"installing the bootstrap carousel + adjusting CSS + creating a better linking system in the web (#224), (#227), (#230), (#231), (#232), (#226)",OK,1800,3366,
May 2018,2018-3,anetacamo,Wed 16. May,Phable - DI,8.5,Prolike,"replacing revo slider and carousel by custom carousel and revo slider - 239, 238, 237, 235, 236, 234 ",OK,1700,3179,
May 2018,2018-3,anetacamo,Thu 17. May,Phable - DI,4.5,Prolike,"246, 245, 229, 241, 240",OK,900,1683,
May 2018,2018-3,anetacamo,Fri 18. May,Phable - DI,5,Prolike,"263, 258, 259, 181, 244, 254, 256, 253, 250, 248, 243, 247, 242",OK,1000,1870,
May 2018,2018-3,anetacamo,Fri 18. May,Phable - DI,1,Explore,Tech challenge,OK,67.5,0,
N/A,2018-3,lakruzz,Fri 18. May,Phable - DI,0.5,Prolike,Meeting with DI + preparing Git repo transfer,OK,100,187,
May 2018,workbook-VHHR-1,loubnielsen,Tue 22. May,VHHR,4,Prolike,Meeting VHHR and research,OK,800,1496,
N/A,workbook-VHHR-1,lakruzz,Tue 22. May,VHHR,2,Prolike,Meeting VHHR,OK,400,748,
May 2018,2018-3,anetacamo,Wed 23. May,Phable - DI,1.5,Prolike,weekly website meeting / planning the work,OK,300,561,
May 2018,workbook-VHHR-1,loubnielsen,Wed 23. May,VHHR,3.5,Prolike,Working on (#1),OK,700,1309,
May 2018,2018-3,anetacamo,Wed 23. May,Phable - DI,9,Prolike,"272, 266, 275, 273, 270, 263, 271, 265, 268",OK,1800,3366,
May 2018,2018-3,loubnielsen,Wed 23. May,Phable - DI,1.5,Explore,Meeting intern training,OK,101.25,0,
May 2018,workbook-VHHR-1,loubnielsen,Thu 24. May,VHHR,4.5,Prolike,Working on (#1) and (#2),OK,900,1683,
May 2018,2018-3,anetacamo,Fri 25. May,Phable - DI,3,Prolike,"Content hub: featured items + partners icons into carousel (284), (252)",OK,600,1122,
May 2018,workbook-VHHR-1,loubnielsen,Fri 25. May,VHHR,4.5,Prolike,Forming backlog for drop-gdpr,OK,900,1683,
N/A,2018-3,lakruzz,Fri 25. May,Phable - DI,1,Prolike,Planning,OK,200,374,
May 2018,2018-3,anetacamo,Sat 26. May,Phable - DI,4.5,Prolike,"Creating global data file + logos mobile version + creating loops and merging files (265, 266)",OK,900,1683,
May 2018,workbook-VHHR-1,loubnielsen,Mon 28. May,VHHR,5,Prolike,"Working on #1, #2, #5",OK,1000,1870,
May 2018,2018-6,anetacamo,Mon 28. May,Phable - DI,8.5,Prolike,"creating global data files + new GDPR (286, 264, 285)",OK,1700,3179,
May 2018,workbook-VHHR-1,loubnielsen,Tue 29. May,VHHR,1.5,Explore,"Running docker on windows, zsh and ghi documentation",OK,101.25,0,
May 2018,PROLIKE,loubnielsen,Tue 29. May,Prolike,1,Honeypot,Meeting with Eddie + Lars,OK,135,0,
May 2018,workbook-VHHR-1,loubnielsen,Tue 29. May,VHHR,4.5,Prolike,Dockerizing development env. and defining #7,OK,900,1683,
June 2018,2018-6,anetacamo,Wed 30. May,Phable - DI,7,Prolike,"#202, #292, #282, #290, #291",OK,1400,2618,
June 2018,2018-6,anetacamo,Fri 1. Jun,Phable - DI,3,Prolike,"#300, #298, #299, #297",OK,600,1122,
June 2018,2018-6,anetacamo,Mon 4. Jun,Phable - DI,7,Prolike,"solution briefs section + talk with Aaron + readme files for easy navigation through blogs #307, #303, #308, #309, #310, #311, #264",OK,1400,2618,
N/A,2018-6,lakruzz,Tue 5. Jun,Phable - DI,5,Explore,Supervision,OK,337.5,0,
June 2018,workbook-VHHR-2,loubnielsen,Fri 1. Jun,VHHR,3,Prolike,#1,OK,600,1122,
June 2018,workbook-VHHR-2,loubnielsen,Sat 2. Jun,VHHR,1.5,Prolike,#1,OK,300,561,
June 2018,workbook-VHHR-2,loubnielsen,Mon 4. Jun,VHHR,5.5,Prolike,"#11, #10",OK,1100,2057,
June 2018,workbook-VHHR-2,loubnielsen,Tue 5. Jun,VHHR,4.5,Prolike,"#7, #10, #13, #14, #15",OK,900,1683,
June 2018,2018-6,anetacamo,Wed 6. Jun,Phable - DI,3,Explore,comments section,OK,202.5,0,
June 2018,workbook-VHHR-2,loubnielsen,Wed 6. Jun,VHHR,3.5,Prolike,#1 - related to #12,OK,700,1309,
June 2018,2018-6,anetacamo,Wed 6. Jun,Phable - DI,4.5,Prolike,"#278, #315, #267, #301, #302, #314",OK,900,1683,
June 2018,workbook-VHHR-2,loubnielsen,Thu 7. Jun,VHHR,2,Prolike,"#1, #9",OK,400,748,
June 2018,workbook-VHHR-2,loubnielsen,Fri 8. Jun,VHHR,5,Prolike,#1 #9,OK,1000,1870,
June 2018,workbook-VHHR-2,loubnielsen,Mon 11. Jun,VHHR,5,Prolike,"#1, git branch/merge issues, #22",OK,1000,1870,
June 2018,workbook-VHHR-2,loubnielsen,Sat 9. Jun,VHHR,1.5,Prolike,#1,OK,300,561,
June 2018,2018-6,anetacamo,Mon 11. Jun,Phable - DI,7,Prolike,"#318, #319, #320",OK,1400,2618,
,,anetacamo,Mon 11. Jun,Prolike,1.5,Explore,parallax scroll on the solutions + services  #257,OK,101.25,0,
June 2018,workbook-VHHR-2,loubnielsen,Tue 12. Jun,VHHR,3.5,Prolike,"git branch/merge issues, #22, #24, #25",OK,700,1309,
June 2018,workbook-VHHR-2,loubnielsen,Wed 13. Jun,VHHR,3,Prolike,Project vulnerabilities fixes and npm outdated packages upgrade,OK,600,1122,
June 2018,2018-6,anetacamo,Tue 12. Jun,Phable - DI,3,Prolike,"#321, help to Aaron",OK,600,1122,
June 2018,2018-6,anetacamo,Thu 14. Jun,Phable - DI,9,Prolike,"#305, #323, #327, #329",OK,1800,3366,
June 2018,workbook-VHHR-2,loubnielsen,Sat 16. Jun,VHHR,1.5,Prolike,Update npm packages and fix vulnerabilities,OK,300,561,
June 2018,workbook-VHHR-2,loubnielsen,Mon 18. Jun,VHHR,5.5,Prolike,"Preparing for meeting with VHHR, git phlow fixes, #16, readme.md",OK,1100,2057,
June 2018,2018-6,anetacamo,Mon 18. Jun,Phable - DI,7,Prolike,"#334, #332, #331, #333",OK,1400,2618,
June 2018,workbook-VHHR-2,loubnielsen,Tue 19. Jun,VHHR,3.5,Prolike,"Diving into Karma, Gulp, test, Ghook, hangout with VHHR",OK,700,1309,
N/A,workbook-VHHR-2,lakruzz,Tue 19. Jun,VHHR,1,Prolike,Hangout with VHHR,OK,200,374,
June 2018,2018-6,anetacamo,Tue 19. Jun,Phable - DI,1,Prolike,"#338, fixing broken commits",OK,200,374,
June 2018,2018-6,anetacamo,Wed 20. Jun,Phable - DI,7.5,Prolike,"#343, #344, #337",OK,1500,2805,
,,anetacamo,Thu 21. Jun,Prolike,2.5,Explore,"#343, #344, #337",OK,168.75,0,
June 2018,2018-6,anetacamo,Thu 21. Jun,Phable - DI,4,Prolike,"#343, #344, #337",OK,800,1496,
June 2018,2018-6,anetacamo,Fri 22. Jun,Phable - DI,2,Prolike,#350,OK,400,748,
June 2018,workbook-VHHR-2,loubnielsen,Fri 22. Jun,VHHR,5.5,Prolike,"#41, #42, #46, #47, #52, #52, #54",OK,1100,2057,
June 2018,workbook-VHHR-2,loubnielsen,Sun 24. Jun,VHHR,4,Prolike,"CircleCI, test",OK,800,1496,
June 2018,workbook-VHHR-2,loubnielsen,Sun 24. Jun,VHHR,5,Prolike,"CircleCI, test",OK,1000,1870,
N/A,workbook-VHHR-2,lakruzz,Tue 26. Jun,VHHR,2,Prolike,Circle CI setup,OK,400,748,
July 2018,workbook-VHHR-2,loubnielsen,Wed 27. Jun,VHHR,3.5,Prolike,"#61, #64",OK,700,1309,
July 2018,workbook-VHHR-1,loubnielsen,Fri 29. Jun,VHHR,2.5,Prolike,"#55, #62, #64, #65",OK,500,935,
July 2018,workbook-VHHR-1,loubnielsen,Sat 30. Jun,VHHR,2.5,Prolike,"#45, #6, preparing for meeting with VHHR",OK,500,935,
July 2018,2018-7,anetacamo,Mon 25. Jun,Phable - DI,5.5,Prolike,"#351, #352",OK,1100,2057,
July 2018,PROLIKE,anetacamo,Tue 26. Jun,Prolike,2,Explore,"#351, #353",OK,135,0,
July 2018,2018-7,anetacamo,Wed 27. Jun,Phable - DI,4.5,Prolike,"#351, pagination and code review",OK,900,1683,
July 2018,PROLIKE,anetacamo,Thu 28. Jun,Prolike,3,Explore,"#351, pagination and code review",OK,202.5,0,
July 2018,2018-7,anetacamo,Sun 1. Jul,Phable - DI,4,Prolike,"#352, #354",OK,800,1496,
July 2018,2018-7,anetacamo,Mon 2. Jul,Phable - DI,9,Prolike,"#354, #355, #356, #357, #359, #360",OK,1800,3366,
July 2018,workbook-VHHR-1,loubnielsen,Mon 2. Jul,VHHR,4,Prolike,"#Meeting with VHHR, evaluating on meeting, #6",OK,800,1496,
July 2018,2018-7,anetacamo,Tue 3. Jul,Phable - DI,1.5,Prolike,#360,OK,300,561,
July 2018,workbook-VHHR-1,loubnielsen,Tue 3. Jul,VHHR,4,Prolike,"#65, #66, #70, #72/#73",OK,800,1496,
July 2018,workbook-VHHR-1,loubnielsen,Sun 8. Jul,VHHR,5.5,Prolike,#73,OK,1100,2057,
July 2018,workbook-VHHR-1,loubnielsen,Mon 9. Jul,VHHR,4.5,Prolike,#73,OK,900,1683,
July 2018,workbook-VHHR-1,loubnielsen,Thu 19. Jul,VHHR,2,Prolike,#73,OK,400,748,
July 2018,workbook-VHHR-1,loubnielsen,Fri 20. Jul,VHHR,3,Prolike,#73,OK,600,1122,
July 2018,workbook-VHHR-1,loubnielsen,Mon 23. Jul,VHHR,4.5,Prolike,"#73, #74, #76",OK,900,1683,
July 2018,workbook-VHHR-1,loubnielsen,Tue 24. Jul,VHHR,5,Prolike,"#70, #71, #73, #74, #48",OK,1000,1870,
July 2018,workbook-VHHR-1,loubnielsen,Wed 25. Jul,VHHR,4,Prolike,"#77, #75, #71, css and styling",OK,800,1496,
July 2018,workbook-VHHR-3,loubnielsen,Fri 27. Jul,VHHR,3,Prolike,expected worktime for friday 27.,OK,600,1122,
August 2018,2018-8,anetacamo,Wed 4. Jul,Phable - DI,2,Prolike,#362,OK,400,748,
August 2018,2018-8,anetacamo,Thu 5. Jul,Phable - DI,2,Prolike,#361,OK,400,748,
August 2018,2018-8,anetacamo,Wed 11. Jul,Phable - DI,0.5,Prolike,update tile_loop - no issue name,OK,100,187,
August 2018,2018-8,anetacamo,Thu 12. Jul,Phable - DI,3.5,Prolike,"work in prose, outside the issues",OK,700,1309,
August 2018,2018-8,anetacamo,Mon 16. Jul,Phable - DI,5.5,Prolike,"work in prose, outside the issues, getting ready tags and videos",OK,1100,2057,
August 2018,2018-8,anetacamo,Wed 25. Jul,Phable - DI,7,Prolike,"#382, #381, #380, #379",OK,1400,2618,
August 2018,2018-8,anetacamo,Mon 30. Jul,Phable - DI,4,Prolike,"#385, #384",OK,800,1496,
August 2018,2018-8,anetacamo,Tue 31. Jul,Phable - DI,3.5,Prolike,"#386, videos updates",OK,700,1309,
August 2018,workbook-VHHR-3,loubnielsen,Thu 2. Aug,VHHR,6,Prolike,"#3, #4, #8, #68, #75, #83, #86, #87",OK,1200,2244,
August 2018,workbook-VHHR-3,loubnielsen,Sat 4. Aug,VHHR,3,Prolike,"#78, #82, '#85, #89, #91",OK,600,1122,
August 2018,workbook-VHHR-3,loubnielsen,Mon 6. Aug,VHHR,5,Prolike,"#84, #88, #90, #92",OK,1000,1870,
August 2018,2018-8,anetacamo,Mon 13. Aug,Phable - DI,4,Prolike,"#393, #390",OK,800,1496,
August 2018,2018-8,anetacamo,Wed 15. Aug,Phable - DI,9,Prolike,"#393, #394, #395, #396, #398, #400",OK,1800,3366,
August 2018,workbook-VHHR-3,loubnielsen,Fri 17. Aug,VHHR,4.5,Prolike,"#93, #94, #96",OK,900,1683,
August 2018,2018-8,anetacamo,Thu 16. Aug,Phable - DI,4.5,Prolike,#397,OK,900,1683,
August 2018,2018-8,anetacamo,Sat 18. Aug,Phable - DI,5.5,Prolike,"#397, #403, #358, #404",OK,1100,2057,
August 2018,2018-8,anetacamo,Sun 19. Aug,Phable - DI,5,Prolike,"#407, #408, #309/#409",OK,1000,1870,
August 2018,workbook-VHHR-3,loubnielsen,Mon 20. Aug,VHHR,6.5,Prolike,"#49, #80, #98 + meetings",OK,1300,2431,
August 2018,workbook-VHHR-3,loubnielsen,Tue 21. Aug,VHHR,5,Prolike,"#96, #101",OK,1000,1870,
August 2018,workbook-VHHR-3,loubnielsen,Wed 22. Aug,VHHR,4,Prolike,"#103, #106, #107, #108",OK,800,1496,
August 2018,2018-8,anetacamo,Mon 20. Aug,Phable - DI,8.5,Prolike,"#411, #410, #405",OK,1700,3179,
August 2018,2018-8,anetacamo,Tue 21. Aug,Phable - DI,1,Prolike,updates directly via prose.io,OK,200,374,
August 2018,2018-8,anetacamo,Wed 22. Aug,Phable - DI,9,Prolike,"#405, #415, #414",OK,1800,3366,
August 2018,2018-8,anetacamo,Thu 23. Aug,Phable - DI,2.5,Prolike,"#413, #414",OK,500,935,
August 2018,2018-8,anetacamo,Fri 24. Aug,Phable - DI,10,Prolike,"#418, #416, #417, #418, #413, #419, #420, #421, #422, #401",OK,2000,3740,
August 2018,workbook-VHHR-3,loubnielsen,Fri 24. Aug,VHHR,5,Prolike,"#97, #101, #109",OK,1000,1870,
August 2018,PROLIKE,loubnielsen,Mon 27. Aug,Prolike,2,Prolike,Timereg meeting,OK,400,0,
August 2018,workbook-VHHR-3,loubnielsen,Mon 27. Aug,VHHR,3.5,Prolike,"#101, #102",OK,700,1309,
August 2018,workbook-VHHR-3,loubnielsen,Tue 28. Aug,VHHR,6,Prolike,"#69, #101, #102, #104",OK,1200,2244,
August 2018,workbook-VHHR-3,loubnielsen,Wed 29. Aug,VHHR,7,Prolike,"#104, #105, #112, #113, #115, #117, #118",OK,1400,2618,
August 2018,2018-8,anetacamo,Mon 27. Aug,Phable - DI,3,Prolike,"catch up, #423",OK,600,1122,
August 2018,2018-8,anetacamo,Wed 29. Aug,Phable - DI,1,Prolike,"mail communication, catch up + fixes via prose.io",OK,200,374,
September 2018,workbook-VHHR-3,loubnielsen,Thu 30. Aug,VHHR,6,Prolike,"#110, #111, #113, #116",OK,1200,2244,
September 2018,workbook-VHHR-3,loubnielsen,Fri 31. Aug,VHHR,4.5,Prolike,"#56, #66, #120, #121, #122",OK,900,1683,
September 2018,workbook-VHHR-4,loubnielsen,Mon 3. Sep,VHHR,5,Prolike,"#99, #114, #119, #122, #124",OK,1000,1870,
September 2018,2018-10,anetacamo,Sun 2. Sep,Phable - DI,5,Prolike,#423,OK,1000,1870,
September 2018,2018-10,anetacamo,Mon 3. Sep,Phable - DI,1.5,Prolike,#426,OK,300,561,
September 2018,2018-10,anetacamo,Tue 4. Sep,Phable - DI,7,Prolike,"#425, #426",OK,1400,2618,
N/A,2018-10,lakruzz,Wed 5. Sep,Phable - DI,4,Prolike,"Handover, Circle CI, Zip archive, intoducting Louise",OK,800,1496,
September 2018,2018-10,loubnielsen,Wed 5. Sep,Phable - DI,4.5,Prolike,"Transfer dataintensity.com repository, email consulting, #issue",OK,900,1683,
September 2018,workbook-VHHR-4,loubnielsen,Wed 5. Sep,VHHR,2,Prolike,"#114, settings.json",OK,400,748,
September 2018,2018-10,anetacamo,Thu 6. Sep,Phable - DI,6,Prolike,"#429, #430, #426 + adding descriptions ",OK,1200,2244,
September 2018,2018-10,anetacamo,Fri 7. Sep,Phable - DI,6,Prolike,"#436, #435, #178",OK,1200,2244,
September 2018,2018-10,loubnielsen,Fri 7. Sep,Phable - DI,4.5,Prolike,Project transfer,OK,900,1683,
September 2018,workbook-VHHR-3,loubnielsen,Fri 7. Sep,VHHR,2,Prolike,#114,OK,400,748,
September 2018,workbook-VHHR-4,loubnielsen,Sat 8. Sep,VHHR,1,Prolike,#66,OK,200,374,
September 2018,2018-10,anetacamo,Sat 8. Sep,Phable - DI,5,Prolike,"#428, #363, #438",OK,1000,1870,
September 2018,2018-10,anetacamo,Mon 10. Sep,Phable - DI,2,Prolike,"#432, #431, #439",OK,400,748,
September 2018,workbook-VHHR-4,loubnielsen,Tue 11. Sep,VHHR,8,Prolike,"#79, #110, #131, #133, #134, #136, #137, #138, #139, #140, #142, #143",OK,1600,2992,
September 2018,workbook-VHHR-4,loubnielsen,Wed 12. Sep,VHHR,6.5,Prolike,"#129, #130 #139, #141, #144, #146 Docker on windows and limux start.script",OK,1300,2431,
September 2018,workbook-VHHR-4,loubnielsen,Thu 13. Sep,VHHR,8,Prolike,"#144, #146, #147, #148, #149, #152 , setup three instances of VHHR, #152",OK,1600,2992,
September 2018,workbook-VHHR-4,loubnielsen,Fri 14. Sep,VHHR,6,Prolike,"#145, #156, #155, #154, #132, #157",OK,1200,2244,
September 2018,workbook-VHHR-4,loubnielsen,Mon 17. Sep,VHHR,5.5,Prolike,"#158, #145",OK,1100,2057,
September 2018,workbook-VHHR-4,loubnielsen,Tue 18. Sep,VHHR,5,Prolike,"#158, #145, status meeting/what's next, proxy setup, #151",OK,1000,1870,
September 2018,workbook-VHHR-4,loubnielsen,Wed 19. Sep,VHHR,2,Prolike,"#123, #159, #164, #158",OK,400,748,
September 2018,workbook-VHHR-4,loubnielsen,Thu 20. Sep,VHHR,5,Prolike,"Backlog forming, #158, #161 #167",OK,1000,1870,
October 2018,workbook-VHHR-4,loubnielsen,Sat 22. Sep,VHHR,4.5,Prolike,"#135, #176, #173",OK,900,1683,
October 2018,workbook-VHHR-4,loubnielsen,Tue 25. Sep,VHHR,6.5,Prolike,#173,OK,1300,2431,
October 2018,workbook-VHHR-4,loubnielsen,Wed 26. Sep,VHHR,6.5,Prolike,"#182, #173, CircleCI and Selenium/frontend test",OK,1300,2431,
October 2018,workbook-VHHR-4,alfen321,Wed 12. Sep,VHHR,5,Prolike,"#147, #148",OK,1000,1870,
October 2018,workbook-VHHR-4,davidcarl,Wed 12. Sep,VHHR,5,Prolike,"#147, #148",OK,1000,1870,
October 2018,workbook-VHHR-4,loubnielsen,Thu 27. Sep,VHHR,5,Prolike,"#169, #178, #179, #180, #181, #183, #186",OK,1000,1870,
October 2018,workbook-VHHR-4,loubnielsen,Fri 28. Sep,VHHR,5,Prolike,#100,OK,1000,1870,
October 2018,workbook-VHHR-4,loubnielsen,Mon 1. Oct,VHHR,4,Prolike,"#100, #163",OK,800,1496,
October 2018,PROLIKE,loubnielsen,Tue 2. Oct,Prolike,1,Prolike,Timereg meeting,OK,200,0,
October 2018,workbook-VHHR-4,loubnielsen,Tue 2. Oct,VHHR,5,Prolike,"#150, #177, #189, #190, #192",OK,1000,1870,
October 2018,workbook-VHHR-4,loubnielsen,Wed 3. Oct,VHHR,5.5,Prolike,"#163, #188, #193, #194",OK,1100,2057,
October 2018,workbook-VHHR-4,loubnielsen,Fri 5. Oct,VHHR,5.5,Prolike,"#185, #175",OK,1100,2057,
October 2018,workbook-VHHR-4,loubnielsen,Tue 9. Oct,VHHR,6,Prolike,"#195, #196",OK,1200,2244,
October 2018,workbook-VHHR-4,alfen321,Wed 10. Oct,VHHR,2,Prolike,#197 - Fix broken filesafe,OK,400,748,
October 2018,workbook-VHHR-4,davidcarl,Wed 10. Oct,VHHR,2,Prolike,#187/#165 - Fix broken filesafe,OK,400,748,
October 2018,workbook-VHHR-4,loubnielsen,Wed 10. Oct,VHHR,5,Prolike,"#165/#187, #197, #198  - Fix broken filesafe",OK,1000,1870,
October 2018,workbook-VHHR-4,loubnielsen,Fri 12. Oct,VHHR,4,Prolike,"#194, #200",OK,800,1496,
October 2018,workbook-VHHR-4,loubnielsen,Mon 15. Oct,VHHR,4,Prolike,Submodules and #184 selenium on circleci,OK,800,1496,
October 2018,workbook-VHHR-4,loubnielsen,Wed 17. Oct,VHHR,4,Prolike,#184 and VHHR configuration,OK,800,1496,
October 2018,workbook-VHHR-4,loubnielsen,Mon 22. Oct,VHHR,2,Prolike,"Preparing for meeting with VHHR, #191, #168",OK,400,748,
October 2018,workbook-VHHR-4,loubnielsen,Wed 24. Oct,VHHR,4.5,Prolike,Meeting with VHHR and backlog grooming,OK,900,1683,
N/A,workbook-VHHR-4,lakruzz,Wed 24. Oct,VHHR,3,Prolike,Meeting with VHHR,OK,600,1122,
November 2018,workbook-VHHR-5,davidcarl,Fri 26. Oct,VHHR,1,Prolike,Investigating how to setup live update environment for VHHR,OK,200,374,
November 2018,workbook-VHHR-5,loubnielsen,Fri 26. Oct,VHHR,5,Prolike,"#207, #217, Investigating how to setup live update environment for VHHR, preparing for VHHR meeting on Monday 29/10",OK,1000,1870,
November 2018,workbook-VHHR-5,loubnielsen,Mon 29. Oct,VHHR,2.5,Prolike,Meeting with VHHR #205,OK,500,935,
November 2018,workbook-VHHR-5,loubnielsen,Tue 30. Oct,VHHR,5,Prolike,"#174, #201, #213, #217, #219, #220",OK,1000,1870,
November 2018,workbook-VHHR-5,davidcarl,Tue 30. Oct,VHHR,2,Prolike,#209,OK,400,748,
November 2018,workbook-VHHR-5,loubnielsen,Wed 31. Oct,VHHR,5,Prolike,"#191, #209",OK,1000,1870,
November 2018,workbook-VHHR-5,loubnielsen,Fri 2. Nov,VHHR,5.5,Prolike,"#209, #223, #222",OK,1100,2057,
November 2018,workbook-VHHR-5,loubnielsen,Mon 5. Nov,VHHR,2,Prolike,"#165, #187, #222, #221",OK,400,748,
November 2018,workbook-VHHR-5,loubnielsen,Tue 6. Nov,VHHR,5.5,Prolike,"#221, #226, #230, #231",OK,1100,2057,
November 2018,workbook-VHHR-5,loubnielsen,Wed 7. Nov,VHHR,5,Prolike,"#231, #232, #219, #220, #228, #229, #233",OK,1000,1870,
,,loubnielsen,Thu 8. Nov,Prolike,5.5,Explore,"Meeting Microsoft, Cph business",OK,371.25,0,
,,loubnielsen,Thu 8. Nov,Prolike,1.5,Explore,#233,OK,101.25,0,
November 2018,workbook-VHHR-5,loubnielsen,Fri 9. Nov,VHHR,4,Prolike,#233,OK,800,1496,
,,loubnielsen,Fri 9. Nov,Prolike,2.5,Explore,"Backlog grooming, #2, #6",OK,168.75,0,
,,loubnielsen,Mon 12. Nov,Prolike,2.5,Explore,Meeting with tenak,OK,168.75,0,
November 2018,workbook-VHHR-5,loubnielsen,Tue 13. Nov,VHHR,5.5,Prolike,"#233, #234, #235, #236, #220",OK,1100,2057,
,,loubnielsen,Tue 13. Nov,Prolike,1,Honeypot,send meeting link and write to those who are attending + beeing in allerød,OK,135,0,
November 2018,workbook-VHHR-5,loubnielsen,Wed 14. Nov,VHHR,3.5,Prolike,"Skypemeeting, backlog grooming, #237, #240",OK,700,1309,
November 2018,workbook-VHHR-5,loubnielsen,Thu 15. Nov,VHHR,4,Prolike,"#241, #247, #244, #242, #246, #243",OK,800,1496,
,,loubnielsen,Thu 15. Nov,Prolike,1.5,Honeypot,"Status, beeing in Allerød, rejsekort",OK,202.5,0,
November 2018,workbook-VHHR-5,loubnielsen,Fri 16. Nov,VHHR,4.5,Prolike,"#253, #245 , #248, #225, #255, #254",OK,900,1683,
November 2018,workbook-VHHR-5,loubnielsen,Mon 19. Nov,VHHR,6,Prolike,"#254, #238",OK,1200,2244,
,,loubnielsen,Tue 20. Nov,Prolike,0.5,Honeypot,"Rejsekort, email korrespondance ",OK,67.5,0,
November 2018,workbook-VHHR-5,loubnielsen,Tue 20. Nov,VHHR,3,Prolike,"#260, #238, #251",OK,600,1122,
November 2018,workbook-VHHR-5,loubnielsen,Thu 22. Nov,VHHR,5,Prolike,#260,OK,1000,1870,
,,loubnielsen,Thu 22. Nov,Prolike,5,Honeypot,Meetup info-meeting,OK,675,0,
November 2018,workbook-VHHR-5,loubnielsen,Fri 23. Nov,VHHR,4.5,Prolike,"#260, #224, setup config lok1-5",OK,900,1683,
November 2018,workbook-VHHR-5,loubnielsen,Mon 26. Nov,VHHR,10.5,Prolike,"#252, #257 ||||| TIRSDAG 27/11: #267, #269, #257 (added 6 hours)",OK,2100,3927,
December 2018,workbook-VHHR-5,loubnielsen,Wed 28. Nov,VHHR,5.5,Prolike,#266,OK,1100,2057,
December 2018,PROLIKE,loubnielsen,Wed 28. Nov,Prolike,0.5,Honeypot,"Rejsekort, allerød, emails",OK,67.5,0,
December 2018,PROLIKE,loubnielsen,Thu 29. Nov,Prolike,0.8,Honeypot,"Helge svar formulering, emails, allerød",OK,101.25,0,
December 2018,workbook-VHHR-5,loubnielsen,Thu 29. Nov,VHHR,4.5,Prolike,#266 - backlog grooming,OK,900,1683,
December 2018,workbook-VHHR-5,loubnielsen,Fri 30. Nov,VHHR,5,Prolike,"#277, #276, #271, #268 - meeting with vhhr",OK,1000,1870,
December 2018,workbook-VHHR-6,davidcarl,Mon 3. Dec,VHHR,13.5,Prolike,#227 #279 ||||| WED 28/11: #153 (added 9 hours),OK,2700,5049,
December 2018,workbook-VHHR-6,loubnielsen,Mon 3. Dec,VHHR,6,Prolike,"Fixing reported issue from Peter, fixing removed dependency",OK,1200,2244,
December 2018,PROLIKE,loubnielsen,Mon 3. Dec,Prolike,0.5,Honeypot,Allerød,OK,67.5,0,
December 2018,workbook-VHHR-6,alfen321,Mon 3. Dec,VHHR,7,Prolike,#208,OK,1400,2618,
December 2018,workbook-VHHR-6,davidcarl,Tue 4. Dec,VHHR,3,Prolike,"#153, Mail to Michael",OK,600,1122,
December 2018,workbook-VHHR-6,alfen321,Tue 4. Dec,VHHR,4.5,Prolike,#208,OK,900,1683,
December 2018,workbook-VHHR-6,loubnielsen,Tue 4. Dec,VHHR,5.5,Prolike,"Backlog grooming, #208 (working with tjalje), #265, planning on and working on how to fix Settings panel and the things that are broken",OK,1100,2057,
December 2018,workbook-VHHR-6,loubnielsen,Wed 5. Dec,VHHR,6,Prolike,"#287, #283, #282, #269",OK,1200,2244,
December 2018,workbook-VHHR-6,loubnielsen,Thu 6. Dec,VHHR,4.5,Prolike,"#285, #289",OK,900,1683,
December 2018,workbook-VHHR-6,loubnielsen,Fri 7. Dec,VHHR,1.5,Prolike,Fix mistake from #285 ,OK,300,561,
December 2018,workbook-VHHR-6,loubnielsen,Mon 10. Dec,VHHR,6,Prolike,#263 - Sætte Rasmus ind i Filesafe,OK,1200,2244,
December 2018,workbook-VHHR-6,rhoeberg,Mon 10. Dec,VHHR,7.5,Prolike,#258 #278,OK,1500,2805,
December 2018,tenak-approved,loubnielsen,Tue 11. Dec,Tenak,4,Explore,Meeting with Tenak,OK,270,270,
December 2018,tenak-approved,rhoeberg,Tue 11. Dec,Tenak,2,Explore,Meeting with Tenak,OK,135,135,
December 2018,workbook-VHHR-6,loubnielsen,Wed 12. Dec,VHHR,3,Prolike,"#290, #291, #292",OK,600,1122,
December 2018,workbook-VHHR-6,loubnielsen,Thu 13. Dec,VHHR,4.5,Prolike,"#265, #292, #296, #295",OK,900,1683,
December 2018,workbook-VHHR-6,loubnielsen,Fri 14. Dec,VHHR,4,Prolike,"#299, #298, #301, #289",OK,800,1496,
December 2018,workbook-VHHR-6,rhoeberg,Mon 17. Dec,VHHR,7.5,Prolike,"#309, #308, #270, #302, #312, #273, #274, #310, #275, #297",OK,1500,2805,
December 2018,workbook-VHHR-6,loubnielsen,Mon 17. Dec,VHHR,7.5,Prolike,"#304, #307 #297 #305 #300 #289 + meeting with vhhr",OK,1500,2805,
December 2018,workbook-VHHR-6,loubnielsen,Tue 18. Dec,VHHR,3,Prolike,"Setup instances (#311), #315",OK,600,1122,
December 2018,tenak-approved,loubnielsen,Tue 18. Dec,Tenak,2.5,Explore,Setup project,OK,168.75,168.75,
January 2019,tenak-approved,nexao,Tue 18. Dec,Tenak,4.5,Explore,Setup project,OK,303.75,303.75,
December 2018,workbook-VHHR-6,rhoeberg,Tue 18. Dec,VHHR,1,Prolike,Starting on documentation,OK,200,374,
December 2018,tenak-approved,rhoeberg,Tue 18. Dec,Tenak,4.5,Explore,Setup project,OK,303.75,303.75,
N/A,tenak-approved,yunas09,Tue 11. Dec,Tenak,2,Internship,Meeting with Tenak,OK,0,0,
N/A,tenak-approved,yunas09,Tue 18. Dec,Tenak,4,Internship,Setup project,OK,0,0,
December 2018,workbook-VHHR-7,loubnielsen,Wed 19. Dec,VHHR,5,Prolike,"Setup instances (#311), #320, #303, #203, #318, #317",OK,1000,1870,
December 2018,workbook-VHHR-7,loubnielsen,Fri 21. Dec,VHHR,6.5,Prolike,"#323, #322, #311, #324, #327, #328, #329, #325, #330, #331, #326, #332, #315",OK,1300,2431,
January 2019,tenak-approved,nexao,Mon 12. Nov,Tenak,2,Internship,Meeting with Tenak,OK,0,0,
January 2019,workbook-VHHR-7,davidcarl,Wed 19. Dec,VHHR,3,Prolike,#321 #319 #316,OK,600,1122,
January 2019,workbook-VHHR-7,loubnielsen,Wed 2. Jan,VHHR,1,Prolike,"Mails VHHR/Tenak, snak med Lars (Tenak), mm.",OK,200,374,
January 2019,tenak-approved,loubnielsen,Fri 4. Jan,Tenak,4.5,Prolike,Common understanding and principles,OK,900,900,
January 2019,tenak-approved,rhoeberg,Fri 4. Jan,Tenak,4,Explore,jamstack and frontend research,OK,270,270,
N/A,tenak-approved,yunas09,Fri 4. Jan,Tenak,3,Internship,Snak med Lars samt research,OK,0,0,
January 2019,alf-fyn-approved,davidcarl,Mon 7. Jan,Als-fynbroen,2,Prolike,"#4, Diverse research omkring hosting og opbygning til evt løsning",OK,400,880,
January 2019,tenak-approved,davidcarl,Mon 7. Jan,Tenak,1,Explore,Research,OK,67.5,67.5,
January 2019,tenak-approved,davidcarl,Mon 7. Jan,Tenak,2,Prolike,"Snak om opbygning, definere issues",OK,400,400,
January 2019,tenak-approved,loubnielsen,Mon 7. Jan,Tenak,6,Prolike,"project management, setup frontend/backend",OK,1200,1200,
January 2019,tenak-approved,alfen321,Mon 7. Jan,Tenak,5,Prolike,"#4, #3, Setup Backend with CircleCI",OK,1000,1000,
January 2019,tenak-approved,rhoeberg,Mon 7. Jan,Tenak,5,Prolike,#10,OK,1000,1000,
January 2019,tenak-approved,rhoeberg,Tue 8. Jan,Tenak,5,Prolike,#11,OK,1000,1000,
January 2019,tenak-approved,davidcarl,Tue 8. Jan,Tenak,2,Explore,Jamstack research,OK,135,135,
January 2019,alf-fyn-approved,davidcarl,Tue 8. Jan,Als-fynbroen,1.5,Prolike,"Læring om projektet, #4",OK,300,660,
January 2019,tenak-approved,alfen321,Tue 8. Jan,Tenak,2,Prolike,"#10, #5",OK,400,400,
January 2019,tenak-approved,loubnielsen,Tue 8. Jan,Tenak,2,Explore,Jekyll and Github pages,OK,135,135,
January 2019,tenak-approved,loubnielsen,Tue 8. Jan,Tenak,2,Prolike,Jekyll and Github pages: setup frontend environment,OK,400,400,
January 2019,PROLIKE,loubnielsen,Tue 8. Jan,Prolike,1.5,Honeypot,Production like environment,OK,202.5,0,
January 2019,PROLIKE,alfen321,Tue 8. Jan,Prolike,1.5,Honeypot,Production like environment,OK,202.5,0,
January 2019,PROLIKE,davidcarl,Tue 8. Jan,Prolike,1,Honeypot,Production like environment,OK,135,0,
January 2019,PROLIKE,loubnielsen,Wed 9. Jan,Prolike,0.5,Honeypot,https://docs.google.com/spreadsheets/d/1FD8rgzjz5PoNgw4JiZIxbu8SAuyHh5O8ApUvrmnLO90/edit?ts=5b041082#gid=1053476023&range=H297,OK,67.5,0,
January 2019,tenak-approved,loubnielsen,Wed 9. Jan,Tenak,5,Prolike,#4 (Setup frontend structure and create reference guide box),OK,1000,1000,
January 2019,tenak-approved,alfen321,Wed 9. Jan,Tenak,2.5,Prolike,#5,OK,500,500,
January 2019,alf-fyn-approved,alfen321,Wed 9. Jan,Als-fynbroen,3,Prolike,"Læring om projektet, MSQL lokal setup, #3",OK,600,1320,
January 2019,alf-fyn-approved,davidcarl,Wed 9. Jan,Als-fynbroen,5.5,Prolike,"#3, #5, #6, #7, #8, #9, #10 ",OK,1100,2420,
January 2019,tenak-approved,rhoeberg,Wed 9. Jan,Tenak,6,Prolike,#14 #17 + omstrukturering af businesslayout interfact,OK,1200,1200,
December 2018,tenak-approved,loubnielsen,Tue 11. Dec,Tenak,2,Prolike,"- setup Gitub repo and define issues, project leading",OK,400,400,
N/A,tenak-approved,yunas09,Mon 7. Jan,Tenak,4,Internship,"Github Pages & Jekyll, JAMStack",OK,0,0,
N/A,tenak-approved,yunas09,Tue 8. Jan,Tenak,4,Internship,"Github Pages & Jekyll, JAMStack",OK,0,0,
January 2019,tenak-approved,alfen321,Tue 8. Jan,Tenak,2,Explore,"Github Pages & Jekyll, JAMStack",OK,135,135,
January 2019,tenak-approved,davidcarl,Tue 8. Jan,Tenak,1,Prolike,Snak om opsætning af #6 #7 #8,OK,200,200,
January 2019,tenak-approved,davidcarl,Thu 10. Jan,Tenak,2,Prolike,backlog grooming ,OK,400,400,
January 2019,alf-fyn-approved,davidcarl,Thu 10. Jan,Als-fynbroen,0.5,Prolike,backlog grooming ,OK,100,220,
January 2019,tenak-approved,rhoeberg,Thu 10. Jan,Tenak,7.5,Prolike,#18 startet på #6,OK,1500,1500,
January 2019,tenak-approved,loubnielsen,Thu 10. Jan,Tenak,2,Prolike,Backlog grooming,OK,400,400,
January 2019,PROLIKE,loubnielsen,Thu 10. Jan,Prolike,3,Honeypot,"Snak med Lars om Tenak, Prolike, Account Management, projekter, være i Allerød",OK,405,0,
January 2019,tenak-approved,loubnielsen,Fri 11. Jan,Tenak,2,Prolike,"Vue.js/Jekyll, Fetch from API: #17",OK,400,400,
January 2019,alf-fyn-approved,davidcarl,Fri 11. Jan,Als-fynbroen,4.5,Prolike,"More backlog grooming, #12, #16, #25, email to Mogens og Robert",OK,900,1980,
January 2019,tenak-approved,alfen321,Thu 10. Jan,Tenak,2,Prolike,backlog grooming ,OK,400,400,
January 2019,alf-fyn-approved,alfen321,Thu 10. Jan,Als-fynbroen,0.5,Prolike,backlog grooming ,OK,100,220,
January 2019,alf-fyn-approved,alfen321,Fri 11. Jan,Als-fynbroen,4,Prolike,"#11, #15, #19, email to Mogens",OK,800,1760,
January 2019,tenak-approved,rhoeberg,Fri 11. Jan,Tenak,4.5,Prolike,backend: #6 #13 startet on #12,OK,900,900,
January 2019,tenak-approved,nexao,Wed 2. Jan,Tenak,2,Explore,Research of technologi ,OK,135,135,
January 2019,alf-fyn-approved,nexao,Wed 2. Jan,Als-fynbroen,5,Internship,Setting up,OK,0,0,
January 2019,alf-fyn-approved,nexao,Thu 3. Jan,Als-fynbroen,7,Internship,Meeting and database work,OK,0,0,
January 2019,alf-fyn-approved,nexao,Mon 7. Jan,Als-fynbroen,5,Internship,Backend ,OK,0,0,
January 2019,tenak-approved,loubnielsen,Mon 14. Jan,Tenak,5.5,Explore,"Jekyll, Webpack, Vue.js: issue #17",OK,371.25,371.25,
January 2019,PROLIKE,loubnielsen,Mon 14. Jan,Prolike,0.8,Honeypot,"Arbejdsforhold: ergonomisk bold, mousepad",OK,101.25,0,
January 2019,alf-fyn-approved,davidcarl,Mon 14. Jan,Als-fynbroen,5.5,Prolike,"#20, #27, #24, møde med Mogens",OK,1100,2420,
January 2019,alf-fyn-approved,alfen321,Mon 14. Jan,Als-fynbroen,4.5,Prolike,"#28, møde med Mogens",OK,900,1980,
January 2019,PROLIKE,alfen321,Mon 14. Jan,Prolike,1,Honeypot,Docker to work on windows,OK,135,0,
January 2019,tenak-approved,nexao,Mon 14. Jan,Tenak,6,Internship,"Frontend - Jekyll, Webpack, Vue.js",OK,0,0,
January 2019,tenak-approved,nexao,Tue 15. Jan,Tenak,2,Prolike,"Frontend - Jekyll, Webpack, Vue.js",OK,400,400,
January 2019,tenak-approved,loubnielsen,Tue 15. Jan,Tenak,2.5,Prolike,"Jekyll, Webpack, Vue.js: issue #17",OK,500,500,
January 2019,tenak-approved,loubnielsen,Tue 15. Jan,Tenak,2,Prolike,"Jekyll, Webpack, Vue.js: issue #17",OK,400,400,
January 2019,PROLIKE,loubnielsen,Tue 15. Jan,Prolike,0.8,Honeypot,Allerød,OK,101.25,0,
January 2019,alf-fyn-approved,davidcarl,Tue 15. Jan,Als-fynbroen,4.8,Prolike,"#13, #18, + lidt skriveri til mogens angående github og waffle",OK,950,2090,
N/A,tenak-approved,yunas09,Tue 15. Jan,Tenak,4,Internship,Fronted Jekyll VueJS Setup,OK,0,0,
January 2019,tenak-approved,alfen321,Tue 15. Jan,Tenak,4,Prolike,"#26, #27, #28",OK,800,800,
January 2019,tenak-approved,rhoeberg,Tue 15. Jan,Tenak,3,Prolike,#25,OK,600,600,
January 2019,tenak-approved,rhoeberg,Wed 16. Jan,Tenak,5,Prolike,Frontend figuring out vue+jekyll #17 #18,OK,1000,1000,
January 2019,tenak-approved,loubnielsen,Wed 16. Jan,Tenak,3.5,Prolike,"#17, status meeting Tenak, #20",OK,700,700,
January 2019,PROLIKE,loubnielsen,Wed 16. Jan,Prolike,2,Honeypot,"Meeting with Lars, Allerød",OK,270,0,
January 2019,tenak-approved,loubnielsen,Wed 16. Jan,Tenak,1,Prolike,Vuejs,OK,200,200,
January 2019,workbook-VHHR-7,loubnielsen,Wed 16. Jan,VHHR,1,Prolike,Final setup Filesafe,OK,200,374,
N/A,PROLIKE,carolineolivia,Thu 17. Jan,Prolike,6.5,Internship,Kicking tires on Jekyll etc,OK,0,0,
January 2019,PROLIKE,loubnielsen,Thu 17. Jan,Prolike,1.5,Honeypot,"Meeting with Lars, Allerød",OK,202.5,0,
January 2019,tenak-approved,loubnielsen,Thu 17. Jan,Tenak,4,Prolike,"#17, #20, #21",OK,800,800,
January 2019,PROLIKE,loubnielsen,Fri 18. Jan,Prolike,1,Honeypot,"Klargøre til praktikanter, Allerød",OK,135,0,
January 2019,tenak-approved,loubnielsen,Fri 18. Jan,Tenak,5,Prolike,"#20, #24, #21",OK,1000,1000,
January 2019,tenak-approved,rhoeberg,Thu 17. Jan,Tenak,2,Prolike,backend: #32,OK,400,400,
January 2019,tenak-approved,rhoeberg,Fri 18. Jan,Tenak,3,Prolike,figuring out backend+frontend through docker,OK,600,600,
January 2019,PROLIKE,loubnielsen,Mon 21. Jan,Prolike,3.5,Honeypot,Praktikanter,OK,472.5,0,
January 2019,tenak-approved,loubnielsen,Mon 21. Jan,Tenak,2.5,Prolike,#6,OK,500,500,
January 2019,tenak-approved,nexao,Mon 21. Jan,Tenak,1,Explore,Setting up datebase,OK,67.5,67.5,
January 2019,tenak-approved,nexao,Mon 21. Jan,Tenak,5.5,Prolike,#36 Queries and connection of database,OK,1100,1100,
January 2019,alf-fyn-approved,davidcarl,Mon 21. Jan,Als-fynbroen,5.5,Prolike,"#17, #31, #18, #14, tlf. møde med Mogens ",OK,1100,2420,
January 2019,PROLIKE,loubnielsen,Tue 22. Jan,Prolike,1.5,Honeypot,"Allerød, lave nøgler, hjælpe praktikaner",OK,202.5,0,
January 2019,tenak-approved,loubnielsen,Tue 22. Jan,Tenak,4.5,Prolike,"#5, #24",OK,900,900,
January 2019,tenak-approved,rhoeberg,Tue 22. Jan,Tenak,4,Prolike,backend #8 + help with mysql,OK,800,800,
January 2019,tenak-approved,nexao,Tue 22. Jan,Tenak,5,Prolike,Backend #34 + creating connection to Tenak Database,OK,1000,1000,
January 2019,tenak-approved,alfen321,Tue 22. Jan,Tenak,1,Prolike,Fix stuck branch #20,OK,200,200,
January 2019,alf-fyn-approved,alfen321,Tue 22. Jan,Als-fynbroen,3.5,Prolike,"#18, tlf. møde med Mogens",OK,700,1540,
January 2019,PROLIKE,loubnielsen,Wed 23. Jan,Prolike,2,Honeypot,"Allerød, hjælpe praktikanter, prolike management",OK,270,0,
January 2019,workbook-VHHR-7,loubnielsen,Wed 23. Jan,VHHR,0.5,Prolike,Fix lok3 and lok4,OK,100,187,
January 2019,tenak-approved,loubnielsen,Wed 23. Jan,Tenak,4.5,Prolike,"#24, #34, #35, #36 , #37",OK,900,900,
January 2019,alf-fyn-approved,alfen321,Wed 23. Jan,Als-fynbroen,2,Prolike,"#18, sub SQL query",OK,400,880,
January 2019,alf-fyn-approved,alfen321,Thu 24. Jan,Als-fynbroen,5.5,Prolike,"#18, #21",OK,1100,2420,
January 2019,workbook-VHHR-7,loubnielsen,Fri 25. Jan,VHHR,0.5,Prolike,Lok3 and lok4 error,OK,100,187,
January 2019,tenak-approved,loubnielsen,Fri 25. Jan,Tenak,5.5,Prolike,"#37, #12, #7, backlog grooming",OK,1100,1100,
January 2019,alf-fyn-approved,alfen321,Fri 25. Jan,Als-fynbroen,5,Prolike,"#21, Testing",OK,1000,2200,
January 2019,alf-fyn-approved,davidcarl,Fri 25. Jan,Als-fynbroen,5,Prolike,"#32, #31, Testing",OK,1000,2200,
N/A,tenak-approved,bentreadwell,Wed 23. Jan,Tenak,3.5,Prolike,"#25, #27, #29",OK,700,700,
January 2019,tenak-approved,loubnielsen,Mon 28. Jan,Tenak,5.5,Prolike,"#28,",OK,1100,1100,
January 2019,PROLIKE,loubnielsen,Mon 28. Jan,Prolike,0.5,Honeypot,Prolike,OK,67.5,0,
N/A,tenak-approved,carolineolivia,Wed 23. Jan,Tenak,4,Prolike,"#26, tables and header",OK,800,800,
N/A,tenak-approved,carolineolivia,Thu 24. Jan,Tenak,1.5,Prolike,#30 Vue collapse on tables,OK,300,300,
January 2019,PROLIKE,edipetres,Mon 28. Jan,Prolike,20,Explore,Pre-registered,OK,1350,0,
January 2019,,loubnielsen,Tue 29. Jan,VHHR,1,Prolike,Lok0 error,OK,200,374,
January 2019,tenak-approved,loubnielsen,Tue 29. Jan,Tenak,3,Prolike,Statusmøde Tenak/Prolike,OK,600,600,
January 2019,tenak-approved,loubnielsen,Tue 29. Jan,Tenak,0.5,Prolike,Explore database: #24,OK,100,100,
January 2019,PROLIKE,loubnielsen,Tue 29. Jan,Prolike,2.5,Honeypot,"Talking with Lars, help out Benjamin, transport Værløse-Allerød",OK,337.5,0,
January 2019,tenak-approved,loubnielsen,Wed 30. Jan,Tenak,3.5,Prolike,"Explore database: #24, project management/backlog grooming",OK,700,700,
January 2019,PROLIKE,loubnielsen,Wed 30. Jan,Prolike,3.5,Honeypot,"Allerød, help out benjamin, Vue studying",OK,472.5,0,
February 2019,alf-fyn-approved,davidcarl,Mon 28. Jan,Als-fynbroen,4.5,Prolike,"#32, #33, Meeting with Mogens",OK,900,1980,
February 2019,alf-fyn-approved,alfen321,Mon 28. Jan,Als-fynbroen,4.5,Prolike,"#33, Meeting with Mogens",OK,900,1980,
February 2019,alf-fyn-approved,davidcarl,Tue 29. Jan,Als-fynbroen,2.5,Prolike,"#34, #35",OK,500,1100,
February 2019,alf-fyn-approved,alfen321,Tue 29. Jan,Als-fynbroen,4,Prolike,"#34, #35, #38, #39",OK,800,1760,
February 2019,alf-fyn-approved,davidcarl,Wed 30. Jan,Als-fynbroen,3.8,Prolike,"#34, #37, #36, meetings with Mogens ",OK,750,1650,
February 2019,alf-fyn-approved,alfen321,Wed 30. Jan,Als-fynbroen,3.5,Prolike,"#34, #37, #36, meetings with Mogens",OK,700,1540,
January 2019,PROLIKE,loubnielsen,Thu 31. Jan,Prolike,5.5,Honeypot,"Filesafe demo: grooming backlog, cload hosting, write to Michael and Elders
Allerød, help out Benjamin and Caroline",OK,742.5,0,
February 2019,PROLIKE,loubnielsen,Fri 1. Feb,Prolike,6,Honeypot,"#343 (Google Cloud: Create VM instance, push docker image to google container registry, deploy)
Help out Caroline and Benjamin with circleCI and prod.web-lab
Køb forlængerledninger i Allerød",OK,810,0,
February 2019,PROLIKE,loubnielsen,Mon 4. Feb,Prolike,6,Honeypot,"#343 (Google Cloud: how to access docker container inside VM instance / mouting/expose), #340 (compare and seach for 'domain registars sites')",OK,810,0,
February 2019,PROLIKE,loubnielsen,Tue 5. Feb,Prolike,6,Honeypot,"#343, #344, #340",OK,810,0,
February 2019,PROLIKE,loubnielsen,Wed 6. Feb,Prolike,6,Honeypot,"#341, #345, SSL certificate and proxy",OK,810,0,
February 2019,PROLIKE,loubnielsen,Thu 7. Feb,Prolike,7.3,Honeypot,"SSL certificate and proxy, kubernetes on google cloud
Arbejde hjemmefra (afprøv 'filesafe.prolike.io, fortsæt med at finde løsning)",OK,978.75,0,
February 2019,PROLIKE,loubnielsen,Fri 8. Feb,Prolike,3,Honeypot,"Hjælpe Benjamin, error (bind: port already in use, cloud kubernetes hosting)",OK,405,0,
February 2019,,loubnielsen,Fri 8. Feb,Tenak,2.5,Prolike,Møde med Tenak,OK,500,500,
February 2019,PROLIKE,loubnielsen,Mon 11. Feb,Prolike,6,Honeypot,"#350, #348, #345 (mail to VHHR)",OK,810,0,
February 2019,PROLIKE,loubnielsen,Tue 12. Feb,Prolike,5.8,Honeypot,"#350, #348 (get live-reload python script to work on gcloud), dokumentér",OK,776.25,0,
February 2019,PROLIKE,loubnielsen,Wed 13. Feb,Prolike,6,Honeypot,"#351 (SMTP server virker ikke på google cloud, porte er blokeret. Derfor skal vi skifte til en anden server. Vi har beslutter os for Hetzner (id skal bekræftes), Tjalfe og certificate)
Hjulpet Laura og Benjamin",OK,810,0,
February 2019,PROLIKE,alfen321,Tue 12. Feb,Prolike,5,Honeypot, ,OK,675,0,
February 2019,PROLIKE,alfen321,Wed 13. Feb,Prolike,4,Honeypot,"#211, #341 (Getting a reverse proxy working in a docker and automate certificate)",OK,540,0,
February 2019,PROLIKE,loubnielsen,Thu 14. Feb,Prolike,4,Honeypot,"#352, #353, #346, #358, #359, #360",OK,540,0,
February 2019,PROLIKE,loubnielsen,Fri 15. Feb,Prolike,7,Honeypot,"#361, #364, #367, #368 , #369, #368",OK,945,0,
February 2019,,loubnielsen,Mon 18. Feb,VHHR,2,Prolike,Filesafe instanser setup på server så de kører tag 1.3.0 fremfor latest. Rydde op på server. Snakke med Michael. Email korrespondance,OK,400,748,
February 2019,PROLIKE,loubnielsen,Mon 18. Feb,Prolike,4.5,Honeypot,"#368, #367, #369, #373, #361, 371, #374, nemlig.com, Dilly-dally",OK,607.5,0,
February 2019,PROLIKE,loubnielsen,Tue 19. Feb,Prolike,6,Honeypot,"#371, #374, #370",OK,810,0,
February 2019,PROLIKE,loubnielsen,Wed 20. Feb,Prolike,6,Honeypot,"#375, #374, #376, #379",OK,810,0,
N/A,,lakruzz,Wed 20. Feb,Specshell,2,Prolike,Startup meeting,OK,400,792,
N/A,,lakruzz,Wed 20. Feb,Specshell,3,Prolike,Setup ,OK,600,1188,
February 2019,,rhoeberg,Wed 20. Feb,Specshell,2,Honeypot,Startup meeting,OK,270,0,
February 2019,,rhoeberg,Wed 20. Feb,Specshell,3,Prolike,Setup,OK,600,1188,
February 2019,,rhoeberg,Wed 13. Feb,Specshell,2,Prolike,Initial meeting,OK,400,792,
February 2019,,rhoeberg,Thu 21. Feb,Specshell,5,Prolike,Architecture + circle ci setup,OK,1000,1980,
February 2019,,edipetres,Thu 21. Feb,Specshell,5,Prolike,"Reviewing architecture, elaborate on backlog with Lars; setup backend architecture with serverless framework.",OK,1000,1980,
February 2019,,edipetres,Thu 21. Feb,Specshell,2.5,Explore,Exploring tech for the architecture,OK,168.75,0,
February 2019,,rhoeberg,Thu 21. Feb,Specshell,2.5,Explore,exploring different technologies,OK,168.75,0,
February 2019,PROLIKE,loubnielsen,Thu 21. Feb,Prolike,6,Honeypot,"#361, #377, #378, #382, #387, #392, #386 + backlog grooming",OK,810,0,
February 2019,PROLIKE,loubnielsen,Thu 21. Feb,Prolike,6,Honeypot,"#386, #384, Filesafe logging, #380, Filesafe markedsføring undersøg",OK,810,0,
February 2019,PROLIKE,edipetres,Fri 22. Feb,Prolike,4,Honeypot,"Deploy bakend to S3 via pipeline; Set up front-end toolstack (incl Vue, Bootstrap, tests etc.)",OK,540,0,
February 2019,,edipetres,Fri 22. Feb,Specshell,1.5,Explore,Learning about the CircleCI git phlow implementation, AWS policies for deployment,OK,101.25,0
February 2019,PROLIKE,edipetres,Fri 22. Feb,Prolike,30,Explore, ,OK,2025,0,
February 2019,,darksidematters,"Wed 13, Feb",Specshell,2,Honeypot,Initial meeting,OK,270,0,
February 2019,,darksidematters,Thu 21. Feb,Specshell,5,Prolike,Project kick-off,OK,1000,1980,
February 2019,,darksidematters,Thu 21. Feb,Specshell,2,Explore,Exploration of setup and technologies,OK,135,0,
February 2019,,darksidematters,Fri 22. Feb,Specshell,2,Prolike,"Running through the backlog, setting up the github page ""stage"" of the git phlow in the FE",OK,400,792,
February 2019,,darksidematters,Fri 22. Feb,Specshell,4,Explore,Researching template of a JAM stack and work on pipeline,OK,270,0,
February 2019,PROLIKE,darksidematters,Fri 22. Feb,Prolike,28,Explore,Borrowed hours to meet SU requirements (min 43 hr/month) agreed upon with Lars,OK,1890,0,
February 2019,PROLIKE,alfen321,Wed 20. Feb,Prolike,3,Honeypot,"#357, Hetzner setup",OK,405,0,
February 2019,PROLIKE,alfen321,Fri 22. Feb,Prolike,3,Honeypot,Hetzner server documentation,OK,405,0,
February 2019,,rhoeberg,Sat 23. Feb,Specshell,4,Explore,Exploring the newly installed framework,OK,270,0,
February 2019,PROLIKE,loubnielsen,Mon 25. Feb,Prolike,3,Honeypot,"#380. #393, #351, #347 , #389, ",OK,405,0,
February 2019,PROLIKE,loubnielsen,Mon 25. Feb,Filesafe,3,Honeypot,"Undersøg Audit Log, Installér Neo4j: #394",OK,405,0,
February 2019,,rhoeberg,Mon 25. Feb,Specshell,6,Prolike,fe: #3 #8 #9 #10 be: #7,OK,1200,2376,
February 2019,,rhoeberg,Mon 25. Feb,Specshell,1,Explore,circleci walkthrough with Lars,OK,67.5,0,
February 2019,,loubnielsen,Tue 26. Feb,VHHR,1,Honeypot,"Lok1 error, live reload",OK,135,0,
February 2019,,davidcarl,Tue 26. Feb,VHHR,0.5,Honeypot,"Lok1 error, live reload",OK,67.5,0,
February 2019,PROLIKE,loubnielsen,Tue 26. Feb,Filesafe,1.5,Honeypot,"Install neo4j, Connect to online neo4j database with Nodejs",OK,202.5,0,
February 2019,PROLIKE,loubnielsen,Tue 26. Feb,Prolike,3.5,Honeypot,"256-admin-interface-test-api, merge conflict and cleanup git",OK,472.5,0,
February 2019,,edipetres,Tue 26. Feb,Specshell,3,Prolike,Set up db connection in production. Connect front-end to backend. Add POST/GET for handling data on the server.,OK,600,1188,
February 2019,PROLIKE,nexao,Tue 26. Feb,Filesafe,3,Honeypot,#394 Connection to neo4j,OK,405,0,
February 2019,PROLIKE,nexao,Tue 26. Feb,Prolike,2,Internship,,OK,0,0,
February 2019,PROLIKE,rhoeberg,Tue 26. Feb,Prolike,2.5,Honeypot,fe: #11,OK,337.5,0,
,,davidcarl,Wed 27. Feb,,4,Honeypot,#406 (Vi er usikre hvem den skal saettes paa),Review,540,0,
,,loubnielsen,Wed 27. Feb,Filesafe,6,Prolike,"#402, #403, #404: undersøg audit_log",Review,1200,0,
,,nexao,Wed 27. Feb,Filesafe,6,Prolike,#403 #408 Searching for alternative to ELK,Review,1200,0,
,,edipetres,Wed 27. Feb,Specshell,6,Prolike,"On-site at Specshell. Build auth system for sensor units. Meetings, co-ops and plannig for next week.",OK,1200,2376,
,,edipetres,Wed 27. Feb,Specshell,1.5,Explore,Learning about API authentication. Administrative work and issue planning.,OK,101.25,0,
,,darksidematters,Tue 26. Feb,Specshell,2,Prolike,Work on staging the github pages and management of accounts,OK,400,792,
,,darksidematters,Tue 26. Feb,Specshell,3,Explore,Usage of our toolstack and connection throughout it.,OK,202.5,0,
,,darksidematters,Wed 27. Feb,Specshell,6,Prolike,"On-site at Specshell. Build auth system for sensor units. Meetings, co-ops and plannig for next week.",OK,1200,2376,
,,darksidematters,Wed 27. Feb,Specshell,1.5,Explore,"Issue management, reading on authorization and database uses.",OK,101.25,0,
,,loubnielsen,Thu 28. Feb,Filesafe,0.5,Prolike,#404,Review,100,0,
,,loubnielsen,Thu 28. Feb,Tenak,2,Explore,Defining issues from Tenak report,OK,135,135,
,,loubnielsen,Thu 28. Feb,Prolike,3.5,Honeypot,"#410, #405, #250",OK,472.5,0,
,,rhoeberg,Wed 27. Feb,Specshell,6,Prolike,"On-site at Specshell. Security design.Meetings, co-ops and plannig for next week. Started on fe#18",Review,1200,2376,
,,rhoeberg,Wed 27. Feb,Specshell,1.5,Explore,Exploring typescript with vuejs,OK,101.25,0,
,,rhoeberg,Thu 28. Feb,Specshell,3,Explore,Exploring typescript with vuejs finished #18,OK,202.5,0,
,,loubnielsen,Fri 1. Mar,Prolike,6,Prolike,"#413, #412 testing, Code café dilly-dally tech-challange",Review,1200,0,
,,nexao,Thu 7. Mar,Filesafe,4,Explore, Info about Humio for drop-gdpr #414,OK,270,0,
,,darksidematters,Thu 7. Mar,Specshell,5,Prolike,"Work on api endpoints, data models and plotting data. Issues #14,15,17 be , #19 fe",OK,1000,1980,
,,rhoeberg,Thu 7. Mar,Specshell,5,Prolike,"Work on api endpoints, data models and plotting data. Issues #14,15,17 be , #19 fe",OK,1000,1980,
,,darksidematters,Thu 7. Mar,Specshell,1.5,Explore,"Exploring plotting, mongoose binding and backend queries.",OK,101.25,0,
,,rhoeberg,Thu 7. Mar,Specshell,1.5,Explore,"Exploring plotting, mongoose binding and backend queries.",OK,101.25,0,
,,nexao,Fri 8. Mar,Filesafe,3,Honeypot,#407 #415,Review,405,0,
,,nexao,Fri 8. Mar,Filesafe,2.5,Explore,#416 (not yet resloved),OK,168.75,0,
,,edipetres,Fri 8. Mar,Specshell,2,Prolike,Authentication system - possible solutions. Issue management.,OK,400,792,
,,edipetres,Fri 8. Mar,Specshell,1,Explore,Exploring solutions for auth. ,OK,67.5,0,
,,rhoeberg,Mon 11. Mar,Specshell,2.5,Honeypot,Specshell meeting,,337.5,0,
,,davidcarl,Fri 8. Mar,Reepay,5,Prolike,"#5, #6",,1000,2200,
,,alfen321,Fri 8. Mar,Reepay,4,Prolike,#7,,800,1760,
,,davidcarl,Wed 13. Mar,Reepay,4,Prolike,#11 #12,,800,1760,
,,alfen321,Wed 13. Mar,Reepay,4,Prolike,"#9, #11, #12",,800,1760,
,,rhoeberg,Wed 13. Mar,Specshell,6,Prolike,be:#23 #25 fe:#22 #23,,1200,2376,
,,darksidematters,Mon 11. Mar,Specshell,2.5,Honeypot,Meeting with Specshell,,337.5,0,
,,edipetres,Mon 11. Mar,Specshell,2.5,Honeypot,Meeting with Specshell,,337.5,0,
,,edipetres,Thu 14. Mar,Specshell,4,Prolike,"Backend authentication, presentation to specshell, deployment configuration",,800,1584,
,,darksidematters,Thu 14. Mar,Specshell,4,Prolike,"AWS account configuration, backend JWT. ",,800,1584,
